,date,open,high,low,close,volume
0,2023-08-10 09:15:00+05:30,19605.55,19615.5,19574.85,19575.1,0
1,2023-08-10 09:20:00+05:30,19576.25,19587.5,19568.35,19580.7,0
2,2023-08-10 09:25:00+05:30,19580.15,19589.95,19577.4,19585.0,0
3,2023-08-10 09:30:00+05:30,19583.4,19602.9,19571.2,19600.05,0
4,2023-08-10 09:35:00+05:30,19600.25,19600.55,19590.1,19592.1,0
5,2023-08-10 09:40:00+05:30,19592.8,19594.35,19584.0,19590.45,0
6,2023-08-10 09:45:00+05:30,19590.5,19594.65,19575.3,19578.9,0
7,2023-08-10 09:50:00+05:30,19578.95,19587.45,19577.25,19582.75,0
8,2023-08-10 09:55:00+05:30,19583.6,19584.65,19578.2,19582.45,0
9,2023-08-10 10:00:00+05:30,19582.3,19605.45,19570.95,19596.75,0
10,2023-08-10 10:05:00+05:30,19598.15,19621.95,19598.15,19610.85,0
11,2023-08-10 10:10:00+05:30,19611.2,19619.35,19601.05,19617.8,0
12,2023-08-10 10:15:00+05:30,19617.35,19621.95,19605.0,19616.7,0
13,2023-08-10 10:20:00+05:30,19617.5,19621.3,19549.6,19557.8,0
14,2023-08-10 10:25:00+05:30,19555.45,19555.75,19534.8,19539.6,0
15,2023-08-10 10:30:00+05:30,19538.45,19540.2,19507.55,19514.2,0
16,2023-08-10 10:35:00+05:30,19514.8,19522.95,19503.5,19508.0,0
17,2023-08-10 10:40:00+05:30,19506.95,19510.05,19496.3,19505.9,0
18,2023-08-10 10:45:00+05:30,19506.3,19537.75,19503.5,19526.15,0
19,2023-08-10 10:50:00+05:30,19526.2,19560.6,19522.05,19550.55,0
20,2023-08-10 10:55:00+05:30,19551.35,19557.1,19539.2,19545.95,0
21,2023-08-10 11:00:00+05:30,19545.75,19547.8,19531.85,19543.0,0
22,2023-08-10 11:05:00+05:30,19542.75,19554.1,19537.55,19538.9,0
23,2023-08-10 11:10:00+05:30,19538.9,19544.95,19534.6,19534.6,0
24,2023-08-10 11:15:00+05:30,19533.8,19541.05,19531.7,19539.55,0
25,2023-08-10 11:20:00+05:30,19539.25,19544.1,19531.75,19540.15,0
26,2023-08-10 11:25:00+05:30,19539.55,19539.55,19530.2,19537.1,0
27,2023-08-10 11:30:00+05:30,19535.4,19540.2,19529.35,19538.7,0
28,2023-08-10 11:35:00+05:30,19538.75,19542.3,19536.05,19536.05,0
29,2023-08-10 11:40:00+05:30,19536.85,19547.1,19532.2,19544.75,0
30,2023-08-10 11:45:00+05:30,19545.35,19551.5,19537.95,19542.85,0
31,2023-08-10 11:50:00+05:30,19542.0,19565.3,19540.45,19565.3,0
32,2023-08-10 11:55:00+05:30,19565.35,19579.45,19563.85,19575.1,0
33,2023-08-10 12:00:00+05:30,19575.2,19580.8,19572.25,19579.0,0
34,2023-08-10 12:05:00+05:30,19577.9,19581.75,19575.55,19580.4,0
35,2023-08-10 12:10:00+05:30,19578.35,19579.3,19548.2,19550.95,0
36,2023-08-10 12:15:00+05:30,19550.55,19556.65,19542.9,19553.1,0
37,2023-08-10 12:20:00+05:30,19553.1,19561.05,19546.45,19561.05,0
38,2023-08-10 12:25:00+05:30,19559.7,19562.8,19551.1,19560.35,0
39,2023-08-10 12:30:00+05:30,19561.0,19561.45,19545.05,19545.05,0
40,2023-08-10 12:35:00+05:30,19546.65,19561.0,19545.75,19557.4,0
41,2023-08-10 12:40:00+05:30,19558.75,19567.45,19556.3,19565.65,0
42,2023-08-10 12:45:00+05:30,19566.15,19569.5,19558.6,19564.85,0
43,2023-08-10 12:50:00+05:30,19564.3,19569.25,19561.95,19566.25,0
44,2023-08-10 12:55:00+05:30,19567.15,19569.45,19556.7,19559.65,0
45,2023-08-10 13:00:00+05:30,19559.2,19579.1,19557.35,19579.1,0
46,2023-08-10 13:05:00+05:30,19578.35,19588.2,19577.0,19578.9,0
47,2023-08-10 13:10:00+05:30,19577.8,19587.45,19576.1,19585.0,0
48,2023-08-10 13:15:00+05:30,19586.05,19599.0,19578.35,19579.1,0
49,2023-08-10 13:20:00+05:30,19577.1,19581.7,19564.55,19566.5,0
50,2023-08-10 13:25:00+05:30,19565.15,19565.8,19536.8,19543.6,0
51,2023-08-10 13:30:00+05:30,19543.5,19554.05,19536.0,19553.7,0
52,2023-08-10 13:35:00+05:30,19553.1,19554.7,19544.25,19547.95,0
53,2023-08-10 13:40:00+05:30,19547.2,19554.85,19541.35,19546.0,0
54,2023-08-10 13:45:00+05:30,19545.2,19550.25,19531.8,19540.75,0
55,2023-08-10 13:50:00+05:30,19540.05,19540.2,19506.55,19514.3,0
56,2023-08-10 13:55:00+05:30,19514.0,19530.25,19512.35,19513.8,0
57,2023-08-10 14:00:00+05:30,19513.95,19520.9,19503.1,19514.4,0
58,2023-08-10 14:05:00+05:30,19513.05,19548.3,19512.1,19547.7,0
59,2023-08-10 14:10:00+05:30,19547.15,19550.15,19536.2,19543.75,0
60,2023-08-10 14:15:00+05:30,19543.55,19558.2,19540.5,19542.15,0
61,2023-08-10 14:20:00+05:30,19541.65,19547.7,19535.8,19543.4,0
62,2023-08-10 14:25:00+05:30,19542.15,19547.2,19538.8,19540.85,0
63,2023-08-10 14:30:00+05:30,19538.4,19557.25,19532.35,19555.95,0
64,2023-08-10 14:35:00+05:30,19555.3,19556.05,19541.5,19545.05,0
65,2023-08-10 14:40:00+05:30,19543.7,19547.25,19533.9,19542.85,0
66,2023-08-10 14:45:00+05:30,19542.35,19546.25,19530.65,19535.05,0
67,2023-08-10 14:50:00+05:30,19534.95,19534.95,19523.7,19533.15,0
68,2023-08-10 14:55:00+05:30,19532.45,19546.8,19527.6,19528.05,0
69,2023-08-10 15:00:00+05:30,19527.85,19536.65,19517.95,19526.15,0
70,2023-08-10 15:05:00+05:30,19525.9,19550.85,19524.45,19549.15,0
71,2023-08-10 15:10:00+05:30,19548.6,19551.65,19542.35,19545.95,0
72,2023-08-10 15:15:00+05:30,19546.35,19551.3,19535.3,19535.8,0
73,2023-08-10 15:20:00+05:30,19535.45,19549.7,19535.3,19549.7,0
74,2023-08-10 15:25:00+05:30,19549.3,19554.75,19543.8,19549.2,0
75,2023-08-11 09:15:00+05:30,19554.25,19555.15,19490.85,19495.8,0
76,2023-08-11 09:20:00+05:30,19494.85,19500.75,19480.1,19485.5,0
77,2023-08-11 09:25:00+05:30,19485.05,19491.85,19479.35,19490.45,0
78,2023-08-11 09:30:00+05:30,19490.65,19498.75,19484.35,19486.85,0
79,2023-08-11 09:35:00+05:30,19486.35,19489.95,19471.1,19471.6,0
80,2023-08-11 09:40:00+05:30,19472.0,19479.15,19465.6,19476.35,0
81,2023-08-11 09:45:00+05:30,19476.6,19478.55,19468.7,19470.4,0
82,2023-08-11 09:50:00+05:30,19471.05,19471.45,19461.35,19466.3,0
83,2023-08-11 09:55:00+05:30,19466.25,19469.9,19459.1,19466.65,0
84,2023-08-11 10:00:00+05:30,19467.3,19478.7,19465.55,19468.25,0
85,2023-08-11 10:05:00+05:30,19468.45,19469.65,19453.35,19459.45,0
86,2023-08-11 10:10:00+05:30,19460.15,19464.15,19456.25,19459.6,0
87,2023-08-11 10:15:00+05:30,19459.45,19471.2,19454.15,19471.2,0
88,2023-08-11 10:20:00+05:30,19470.9,19474.95,19467.55,19469.75,0
89,2023-08-11 10:25:00+05:30,19470.6,19473.75,19463.8,19471.05,0
90,2023-08-11 10:30:00+05:30,19471.05,19479.05,19470.7,19475.85,0
91,2023-08-11 10:35:00+05:30,19475.05,19476.2,19465.8,19468.85,0
92,2023-08-11 10:40:00+05:30,19468.0,19472.6,19464.8,19470.45,0
93,2023-08-11 10:45:00+05:30,19470.5,19476.75,19469.05,19475.6,0
94,2023-08-11 10:50:00+05:30,19475.8,19477.8,19464.95,19467.15,0
95,2023-08-11 10:55:00+05:30,19466.9,19468.65,19459.95,19460.65,0
96,2023-08-11 11:00:00+05:30,19460.7,19460.9,19442.0,19449.25,0
97,2023-08-11 11:05:00+05:30,19449.7,19457.4,19447.95,19456.4,0
98,2023-08-11 11:10:00+05:30,19456.5,19468.85,19454.95,19463.95,0
99,2023-08-11 11:15:00+05:30,19463.35,19464.3,19458.3,19458.3,0
100,2023-08-11 11:20:00+05:30,19457.8,19472.5,19457.8,19470.65,0
101,2023-08-11 11:25:00+05:30,19470.9,19472.15,19462.65,19465.85,0
102,2023-08-11 11:30:00+05:30,19465.8,19467.7,19450.75,19452.8,0
103,2023-08-11 11:35:00+05:30,19452.5,19453.0,19441.15,19447.25,0
104,2023-08-11 11:40:00+05:30,19446.5,19447.5,19437.9,19442.6,0
105,2023-08-11 11:45:00+05:30,19443.2,19447.35,19440.6,19443.0,0
106,2023-08-11 11:50:00+05:30,19442.1,19445.9,19440.25,19444.0,0
107,2023-08-11 11:55:00+05:30,19443.3,19450.4,19435.25,19450.3,0
108,2023-08-11 12:00:00+05:30,19450.0,19454.4,19443.15,19444.45,0
109,2023-08-11 12:05:00+05:30,19445.15,19457.4,19443.25,19454.85,0
110,2023-08-11 12:10:00+05:30,19454.7,19455.45,19447.1,19449.95,0
111,2023-08-11 12:15:00+05:30,19449.35,19450.75,19444.15,19445.25,0
112,2023-08-11 12:20:00+05:30,19445.7,19454.0,19445.25,19451.35,0
113,2023-08-11 12:25:00+05:30,19451.8,19455.25,19444.9,19446.2,0
114,2023-08-11 12:30:00+05:30,19446.4,19454.6,19443.45,19451.8,0
115,2023-08-11 12:35:00+05:30,19452.55,19457.4,19445.85,19453.95,0
116,2023-08-11 12:40:00+05:30,19453.85,19457.45,19444.85,19454.15,0
117,2023-08-11 12:45:00+05:30,19454.15,19462.4,19451.5,19453.2,0
118,2023-08-11 12:50:00+05:30,19452.8,19454.05,19437.8,19437.95,0
119,2023-08-11 12:55:00+05:30,19438.95,19449.45,19436.25,19437.85,0
120,2023-08-11 13:00:00+05:30,19438.65,19478.75,19437.45,19477.85,0
121,2023-08-11 13:05:00+05:30,19477.3,19488.3,19469.65,19475.15,0
122,2023-08-11 13:10:00+05:30,19475.25,19484.25,19473.3,19482.2,0
123,2023-08-11 13:15:00+05:30,19482.6,19488.45,19477.1,19480.3,0
124,2023-08-11 13:20:00+05:30,19479.6,19492.65,19479.6,19488.55,0
125,2023-08-11 13:25:00+05:30,19486.9,19489.75,19478.25,19482.35,0
126,2023-08-11 13:30:00+05:30,19482.8,19483.25,19472.45,19482.7,0
127,2023-08-11 13:35:00+05:30,19481.85,19483.4,19462.2,19464.25,0
128,2023-08-11 13:40:00+05:30,19462.1,19468.35,19457.35,19467.5,0
129,2023-08-11 13:45:00+05:30,19467.7,19482.45,19463.45,19481.2,0
130,2023-08-11 13:50:00+05:30,19481.85,19484.9,19470.95,19476.75,0
131,2023-08-11 13:55:00+05:30,19476.35,19486.5,19475.7,19482.95,0
132,2023-08-11 14:00:00+05:30,19482.8,19485.35,19474.95,19480.3,0
133,2023-08-11 14:05:00+05:30,19481.2,19481.2,19463.5,19471.95,0
134,2023-08-11 14:10:00+05:30,19471.65,19476.05,19466.7,19470.7,0
135,2023-08-11 14:15:00+05:30,19470.8,19479.5,19469.1,19470.3,0
136,2023-08-11 14:20:00+05:30,19471.05,19480.9,19464.9,19477.25,0
137,2023-08-11 14:25:00+05:30,19476.55,19481.95,19475.3,19479.05,0
138,2023-08-11 14:30:00+05:30,19479.35,19486.0,19478.05,19479.45,0
139,2023-08-11 14:35:00+05:30,19479.9,19484.55,19468.95,19468.95,0
140,2023-08-11 14:40:00+05:30,19469.55,19469.55,19450.25,19455.7,0
141,2023-08-11 14:45:00+05:30,19455.75,19462.3,19452.05,19453.85,0
142,2023-08-11 14:50:00+05:30,19454.25,19461.35,19449.0,19454.75,0
143,2023-08-11 14:55:00+05:30,19454.65,19470.65,19449.25,19465.6,0
144,2023-08-11 15:00:00+05:30,19466.9,19468.65,19420.8,19425.75,0
145,2023-08-11 15:05:00+05:30,19426.2,19433.95,19416.6,19419.7,0
146,2023-08-11 15:10:00+05:30,19420.15,19426.6,19415.15,19415.85,0
147,2023-08-11 15:15:00+05:30,19415.9,19431.0,19415.9,19430.25,0
148,2023-08-11 15:20:00+05:30,19430.4,19439.1,19425.25,19432.55,0
149,2023-08-11 15:25:00+05:30,19433.1,19435.0,19413.8,19424.25,0
150,2023-08-14 09:15:00+05:30,19383.95,19389.8,19298.45,19303.7,0
151,2023-08-14 09:20:00+05:30,19302.65,19306.1,19269.75,19269.9,0
152,2023-08-14 09:25:00+05:30,19271.85,19290.55,19269.75,19289.0,0
153,2023-08-14 09:30:00+05:30,19288.4,19288.7,19261.85,19264.4,0
154,2023-08-14 09:35:00+05:30,19265.1,19292.25,19258.2,19290.7,0
155,2023-08-14 09:40:00+05:30,19290.65,19308.3,19284.65,19304.8,0
156,2023-08-14 09:45:00+05:30,19306.35,19316.6,19303.95,19314.85,0
157,2023-08-14 09:50:00+05:30,19315.95,19318.25,19297.9,19299.7,0
158,2023-08-14 09:55:00+05:30,19298.75,19312.3,19296.1,19309.8,0
159,2023-08-14 10:00:00+05:30,19310.85,19321.0,19299.4,19319.4,0
160,2023-08-14 10:05:00+05:30,19319.45,19321.2,19306.05,19316.45,0
161,2023-08-14 10:10:00+05:30,19316.7,19324.1,19312.75,19319.8,0
162,2023-08-14 10:15:00+05:30,19320.5,19322.05,19312.8,19319.4,0
163,2023-08-14 10:20:00+05:30,19319.75,19321.55,19309.75,19311.6,0
164,2023-08-14 10:25:00+05:30,19311.6,19314.8,19308.1,19313.15,0
165,2023-08-14 10:30:00+05:30,19312.75,19322.2,19303.3,19305.35,0
166,2023-08-14 10:35:00+05:30,19305.45,19312.9,19303.15,19305.3,0
167,2023-08-14 10:40:00+05:30,19305.75,19314.2,19301.0,19310.7,0
168,2023-08-14 10:45:00+05:30,19312.25,19314.9,19305.2,19308.85,0
169,2023-08-14 10:50:00+05:30,19307.95,19314.1,19302.8,19311.4,0
170,2023-08-14 10:55:00+05:30,19311.65,19318.7,19308.05,19317.1,0
171,2023-08-14 11:00:00+05:30,19315.3,19320.9,19310.4,19319.75,0
172,2023-08-14 11:05:00+05:30,19319.7,19323.55,19314.7,19317.5,0
173,2023-08-14 11:10:00+05:30,19318.45,19322.35,19315.85,19316.45,0
174,2023-08-14 11:15:00+05:30,19317.05,19332.65,19316.0,19331.0,0
175,2023-08-14 11:20:00+05:30,19330.8,19350.1,19328.6,19349.15,0
176,2023-08-14 11:25:00+05:30,19349.75,19353.3,19344.8,19349.6,0
177,2023-08-14 11:30:00+05:30,19350.4,19355.45,19343.6,19353.65,0
178,2023-08-14 11:35:00+05:30,19352.95,19356.6,19347.25,19349.75,0
179,2023-08-14 11:40:00+05:30,19349.8,19357.0,19345.2,19354.15,0
180,2023-08-14 11:45:00+05:30,19353.85,19358.4,19342.6,19344.9,0
181,2023-08-14 11:50:00+05:30,19344.3,19356.4,19341.15,19355.4,0
182,2023-08-14 11:55:00+05:30,19355.35,19357.1,19351.8,19355.4,0
183,2023-08-14 12:00:00+05:30,19355.0,19365.95,19352.1,19362.0,0
184,2023-08-14 12:05:00+05:30,19362.2,19368.0,19360.85,19365.0,0
185,2023-08-14 12:10:00+05:30,19364.75,19379.8,19360.6,19379.0,0
186,2023-08-14 12:15:00+05:30,19379.8,19385.35,19377.55,19378.2,0
187,2023-08-14 12:20:00+05:30,19378.45,19378.75,19369.75,19370.35,0
188,2023-08-14 12:25:00+05:30,19370.05,19374.1,19362.35,19374.1,0
189,2023-08-14 12:30:00+05:30,19374.4,19377.55,19365.55,19367.6,0
190,2023-08-14 12:35:00+05:30,19368.15,19368.15,19359.95,19367.0,0
191,2023-08-14 12:40:00+05:30,19366.75,19372.5,19363.3,19364.75,0
192,2023-08-14 12:45:00+05:30,19365.15,19365.15,19351.2,19353.1,0
193,2023-08-14 12:50:00+05:30,19352.95,19355.25,19345.95,19354.65,0
194,2023-08-14 12:55:00+05:30,19354.85,19359.3,19350.1,19353.05,0
195,2023-08-14 13:00:00+05:30,19352.85,19366.65,19351.0,19361.75,0
196,2023-08-14 13:05:00+05:30,19363.35,19370.6,19361.95,19364.35,0
197,2023-08-14 13:10:00+05:30,19364.05,19366.3,19350.1,19362.15,0
198,2023-08-14 13:15:00+05:30,19361.75,19365.9,19357.55,19361.75,0
199,2023-08-14 13:20:00+05:30,19361.55,19364.05,19351.6,19364.05,0
200,2023-08-14 13:25:00+05:30,19362.85,19373.8,19362.35,19372.75,0
201,2023-08-14 13:30:00+05:30,19372.6,19387.45,19367.15,19387.45,0
202,2023-08-14 13:35:00+05:30,19387.75,19393.7,19383.9,19392.2,0
203,2023-08-14 13:40:00+05:30,19391.75,19393.45,19384.3,19386.65,0
204,2023-08-14 13:45:00+05:30,19386.35,19401.8,19385.8,19401.8,0
205,2023-08-14 13:50:00+05:30,19401.7,19405.05,19398.45,19401.85,0
206,2023-08-14 13:55:00+05:30,19402.5,19407.1,19399.7,19403.8,0
207,2023-08-14 14:00:00+05:30,19403.7,19415.5,19403.25,19411.45,0
208,2023-08-14 14:05:00+05:30,19411.8,19420.85,19405.1,19420.35,0
209,2023-08-14 14:10:00+05:30,19420.6,19434.15,19418.95,19430.35,0
210,2023-08-14 14:15:00+05:30,19429.85,19436.8,19426.6,19434.05,0
211,2023-08-14 14:20:00+05:30,19433.0,19433.0,19417.75,19422.65,0
212,2023-08-14 14:25:00+05:30,19423.35,19423.35,19407.05,19421.4,0
213,2023-08-14 14:30:00+05:30,19421.1,19428.6,19418.0,19428.2,0
214,2023-08-14 14:35:00+05:30,19428.25,19432.9,19420.65,19424.7,0
215,2023-08-14 14:40:00+05:30,19424.6,19433.2,19419.9,19433.0,0
216,2023-08-14 14:45:00+05:30,19433.15,19453.8,19431.75,19453.8,0
217,2023-08-14 14:50:00+05:30,19453.55,19454.35,19444.85,19449.0,0
218,2023-08-14 14:55:00+05:30,19449.05,19458.45,19445.95,19458.45,0
219,2023-08-14 15:00:00+05:30,19459.05,19465.3,19448.85,19451.55,0
220,2023-08-14 15:05:00+05:30,19451.9,19461.45,19435.75,19438.8,0
221,2023-08-14 15:10:00+05:30,19439.25,19441.9,19428.9,19430.95,0
222,2023-08-14 15:15:00+05:30,19431.15,19437.1,19422.55,19427.8,0
223,2023-08-14 15:20:00+05:30,19428.45,19428.85,19413.75,19420.55,0
224,2023-08-14 15:25:00+05:30,19421.5,19426.2,19408.4,19413.65,0
225,2023-08-16 09:15:00+05:30,19369.0,19384.35,19319.25,19358.25,0
226,2023-08-16 09:20:00+05:30,19357.55,19369.75,19347.2,19358.75,0
227,2023-08-16 09:25:00+05:30,19358.55,19365.25,19347.15,19364.4,0
228,2023-08-16 09:30:00+05:30,19365.2,19367.25,19344.15,19344.95,0
229,2023-08-16 09:35:00+05:30,19344.2,19372.1,19340.7,19369.25,0
230,2023-08-16 09:40:00+05:30,19369.25,19377.65,19360.65,19367.9,0
231,2023-08-16 09:45:00+05:30,19367.8,19376.75,19366.2,19368.3,0
232,2023-08-16 09:50:00+05:30,19368.15,19379.35,19366.35,19373.95,0
233,2023-08-16 09:55:00+05:30,19374.25,19375.45,19366.15,19370.95,0
234,2023-08-16 10:00:00+05:30,19368.55,19372.8,19360.95,19365.75,0
235,2023-08-16 10:05:00+05:30,19365.85,19380.5,19363.75,19376.25,0
236,2023-08-16 10:10:00+05:30,19376.4,19379.2,19369.65,19377.95,0
237,2023-08-16 10:15:00+05:30,19378.15,19395.45,19376.9,19395.25,0
238,2023-08-16 10:20:00+05:30,19395.45,19399.9,19387.85,19391.2,0
239,2023-08-16 10:25:00+05:30,19391.5,19397.25,19388.4,19389.75,0
240,2023-08-16 10:30:00+05:30,19389.9,19394.0,19386.95,19388.65,0
241,2023-08-16 10:35:00+05:30,19388.55,19389.6,19381.8,19387.7,0
242,2023-08-16 10:40:00+05:30,19386.9,19401.25,19386.2,19400.35,0
243,2023-08-16 10:45:00+05:30,19400.95,19407.7,19400.4,19401.6,0
244,2023-08-16 10:50:00+05:30,19402.25,19403.15,19386.95,19392.7,0
245,2023-08-16 10:55:00+05:30,19393.2,19397.4,19378.25,19379.4,0
246,2023-08-16 11:00:00+05:30,19379.5,19389.5,19378.45,19389.15,0
247,2023-08-16 11:05:00+05:30,19388.95,19390.85,19381.85,19384.55,0
248,2023-08-16 11:10:00+05:30,19385.25,19386.05,19376.0,19378.9,0
249,2023-08-16 11:15:00+05:30,19378.6,19384.85,19377.2,19384.25,0
250,2023-08-16 11:20:00+05:30,19384.15,19389.4,19382.9,19385.7,0
251,2023-08-16 11:25:00+05:30,19385.05,19388.4,19383.65,19386.6,0
252,2023-08-16 11:30:00+05:30,19386.15,19394.4,19385.2,19394.4,0
253,2023-08-16 11:35:00+05:30,19394.1,19394.1,19379.75,19379.75,0
254,2023-08-16 11:40:00+05:30,19379.5,19380.35,19359.9,19362.45,0
255,2023-08-16 11:45:00+05:30,19362.4,19373.5,19361.0,19373.5,0
256,2023-08-16 11:50:00+05:30,19373.3,19375.2,19368.85,19370.65,0
257,2023-08-16 11:55:00+05:30,19370.25,19388.25,19369.85,19386.3,0
258,2023-08-16 12:00:00+05:30,19385.8,19391.4,19383.55,19385.8,0
259,2023-08-16 12:05:00+05:30,19385.45,19392.15,19384.85,19390.75,0
260,2023-08-16 12:10:00+05:30,19391.05,19394.35,19382.7,19387.2,0
261,2023-08-16 12:15:00+05:30,19388.15,19389.0,19380.55,19382.0,0
262,2023-08-16 12:20:00+05:30,19381.45,19391.4,19379.7,19387.95,0
263,2023-08-16 12:25:00+05:30,19388.2,19389.3,19382.0,19386.5,0
264,2023-08-16 12:30:00+05:30,19386.45,19401.3,19386.45,19401.25,0
265,2023-08-16 12:35:00+05:30,19401.1,19406.8,19397.85,19404.95,0
266,2023-08-16 12:40:00+05:30,19404.65,19408.85,19399.25,19407.95,0
267,2023-08-16 12:45:00+05:30,19407.65,19413.0,19401.1,19401.3,0
268,2023-08-16 12:50:00+05:30,19401.55,19408.85,19398.8,19399.7,0
269,2023-08-16 12:55:00+05:30,19399.2,19407.45,19397.85,19407.45,0
270,2023-08-16 13:00:00+05:30,19407.25,19410.35,19400.7,19405.35,0
271,2023-08-16 13:05:00+05:30,19405.55,19424.35,19405.3,19421.85,0
272,2023-08-16 13:10:00+05:30,19421.9,19426.9,19418.95,19425.6,0
273,2023-08-16 13:15:00+05:30,19425.15,19437.7,19419.7,19436.0,0
274,2023-08-16 13:20:00+05:30,19435.95,19438.0,19426.55,19430.45,0
275,2023-08-16 13:25:00+05:30,19430.3,19433.25,19420.15,19420.15,0
276,2023-08-16 13:30:00+05:30,19420.5,19427.25,19420.3,19426.45,0
277,2023-08-16 13:35:00+05:30,19426.25,19429.8,19425.05,19426.7,0
278,2023-08-16 13:40:00+05:30,19426.45,19426.45,19414.2,19419.95,0
279,2023-08-16 13:45:00+05:30,19419.15,19428.75,19414.55,19427.45,0
280,2023-08-16 13:50:00+05:30,19427.35,19429.05,19415.95,19419.65,0
281,2023-08-16 13:55:00+05:30,19419.6,19431.25,19418.55,19430.6,0
282,2023-08-16 14:00:00+05:30,19430.6,19430.7,19420.45,19421.85,0
283,2023-08-16 14:05:00+05:30,19421.25,19424.75,19413.8,19419.55,0
284,2023-08-16 14:10:00+05:30,19419.45,19424.15,19413.75,19422.9,0
285,2023-08-16 14:15:00+05:30,19423.05,19443.55,19422.75,19438.6,0
286,2023-08-16 14:20:00+05:30,19438.7,19439.55,19427.9,19436.65,0
287,2023-08-16 14:25:00+05:30,19436.85,19442.25,19433.05,19436.5,0
288,2023-08-16 14:30:00+05:30,19435.8,19442.8,19425.15,19427.0,0
289,2023-08-16 14:35:00+05:30,19426.6,19435.4,19426.25,19433.8,0
290,2023-08-16 14:40:00+05:30,19433.15,19442.7,19430.0,19437.95,0
291,2023-08-16 14:45:00+05:30,19437.0,19437.8,19428.4,19432.35,0
292,2023-08-16 14:50:00+05:30,19432.7,19433.9,19421.3,19422.4,0
293,2023-08-16 14:55:00+05:30,19422.75,19430.75,19417.15,19430.75,0
294,2023-08-16 15:00:00+05:30,19431.55,19477.0,19431.55,19476.05,0
295,2023-08-16 15:05:00+05:30,19475.9,19482.1,19468.4,19473.35,0
296,2023-08-16 15:10:00+05:30,19473.2,19474.0,19461.75,19461.75,0
297,2023-08-16 15:15:00+05:30,19462.55,19471.5,19458.0,19471.5,0
298,2023-08-16 15:20:00+05:30,19471.75,19473.35,19459.4,19462.45,0
299,2023-08-16 15:25:00+05:30,19461.45,19463.15,19442.35,19447.0,0
300,2023-08-17 09:15:00+05:30,19450.55,19455.15,19425.2,19445.35,0
301,2023-08-17 09:20:00+05:30,19446.1,19448.65,19432.65,19439.3,0
302,2023-08-17 09:25:00+05:30,19440.0,19440.35,19410.0,19412.1,0
303,2023-08-17 09:30:00+05:30,19411.45,19412.85,19394.55,19397.75,0
304,2023-08-17 09:35:00+05:30,19398.65,19410.15,19397.4,19399.65,0
305,2023-08-17 09:40:00+05:30,19399.8,19406.0,19388.85,19405.35,0
306,2023-08-17 09:45:00+05:30,19403.75,19409.9,19399.3,19403.15,0
307,2023-08-17 09:50:00+05:30,19403.1,19409.5,19395.2,19397.3,0
308,2023-08-17 09:55:00+05:30,19396.15,19396.65,19381.4,19383.3,0
309,2023-08-17 10:00:00+05:30,19383.5,19393.4,19377.55,19393.4,0
310,2023-08-17 10:05:00+05:30,19392.3,19402.8,19392.2,19399.85,0
311,2023-08-17 10:10:00+05:30,19400.2,19403.5,19394.75,19399.3,0
312,2023-08-17 10:15:00+05:30,19398.95,19400.5,19390.1,19397.9,0
313,2023-08-17 10:20:00+05:30,19397.4,19406.0,19391.6,19391.75,0
314,2023-08-17 10:25:00+05:30,19391.75,19395.65,19385.45,19387.45,0
315,2023-08-17 10:30:00+05:30,19388.15,19403.9,19387.3,19401.8,0
316,2023-08-17 10:35:00+05:30,19403.15,19411.4,19398.6,19404.0,0
317,2023-08-17 10:40:00+05:30,19404.65,19414.15,19399.95,19401.5,0
318,2023-08-17 10:45:00+05:30,19400.05,19403.65,19394.35,19395.4,0
319,2023-08-17 10:50:00+05:30,19395.7,19404.9,19392.7,19401.3,0
320,2023-08-17 10:55:00+05:30,19402.3,19409.2,19400.4,19406.8,0
321,2023-08-17 11:00:00+05:30,19407.15,19415.05,19406.95,19412.0,0
322,2023-08-17 11:05:00+05:30,19413.35,19415.25,19407.95,19411.05,0
323,2023-08-17 11:10:00+05:30,19412.4,19413.6,19400.45,19400.45,0
324,2023-08-17 11:15:00+05:30,19401.05,19401.05,19367.4,19370.8,0
325,2023-08-17 11:20:00+05:30,19372.05,19379.75,19368.25,19374.7,0
326,2023-08-17 11:25:00+05:30,19375.6,19376.5,19363.5,19366.05,0
327,2023-08-17 11:30:00+05:30,19365.9,19368.5,19357.25,19362.05,0
328,2023-08-17 11:35:00+05:30,19362.8,19373.05,19361.25,19368.1,0
329,2023-08-17 11:40:00+05:30,19367.95,19376.45,19366.35,19373.35,0
330,2023-08-17 11:45:00+05:30,19375.1,19377.4,19367.9,19374.2,0
331,2023-08-17 11:50:00+05:30,19373.25,19377.15,19364.15,19365.25,0
332,2023-08-17 11:55:00+05:30,19364.9,19367.4,19358.45,19359.7,0
333,2023-08-17 12:00:00+05:30,19359.7,19367.4,19356.55,19360.8,0
334,2023-08-17 12:05:00+05:30,19361.05,19362.05,19352.7,19355.55,0
335,2023-08-17 12:10:00+05:30,19354.6,19357.8,19344.25,19356.1,0
336,2023-08-17 12:15:00+05:30,19355.85,19357.1,19345.6,19350.8,0
337,2023-08-17 12:20:00+05:30,19350.35,19356.9,19345.0,19352.7,0
338,2023-08-17 12:25:00+05:30,19352.5,19362.65,19349.05,19361.1,0
339,2023-08-17 12:30:00+05:30,19360.8,19364.7,19355.6,19356.8,0
340,2023-08-17 12:35:00+05:30,19356.6,19358.75,19345.65,19346.8,0
341,2023-08-17 12:40:00+05:30,19346.35,19348.85,19341.2,19341.4,0
342,2023-08-17 12:45:00+05:30,19341.15,19350.4,19336.9,19349.7,0
343,2023-08-17 12:50:00+05:30,19349.35,19352.55,19338.25,19339.55,0
344,2023-08-17 12:55:00+05:30,19337.95,19341.9,19330.35,19332.45,0
345,2023-08-17 13:00:00+05:30,19332.05,19334.65,19326.65,19332.95,0
346,2023-08-17 13:05:00+05:30,19332.45,19341.6,19329.65,19339.55,0
347,2023-08-17 13:10:00+05:30,19338.7,19339.3,19329.1,19329.95,0
348,2023-08-17 13:15:00+05:30,19329.2,19343.55,19327.35,19339.3,0
349,2023-08-17 13:20:00+05:30,19339.2,19339.3,19332.2,19335.6,0
350,2023-08-17 13:25:00+05:30,19335.2,19340.35,19331.4,19335.95,0
351,2023-08-17 13:30:00+05:30,19335.7,19348.35,19334.15,19348.0,0
352,2023-08-17 13:35:00+05:30,19347.3,19356.05,19345.35,19346.2,0
353,2023-08-17 13:40:00+05:30,19345.95,19360.65,19344.3,19360.4,0
354,2023-08-17 13:45:00+05:30,19360.0,19364.85,19359.2,19360.5,0
355,2023-08-17 13:50:00+05:30,19360.25,19372.8,19359.15,19363.9,0
356,2023-08-17 13:55:00+05:30,19363.95,19369.6,19360.35,19361.65,0
357,2023-08-17 14:00:00+05:30,19361.75,19362.1,19349.2,19358.35,0
358,2023-08-17 14:05:00+05:30,19358.15,19367.6,19355.05,19358.65,0
359,2023-08-17 14:10:00+05:30,19358.1,19365.25,19354.25,19364.1,0
360,2023-08-17 14:15:00+05:30,19363.5,19368.45,19352.15,19360.9,0
361,2023-08-17 14:20:00+05:30,19360.05,19362.7,19352.25,19354.15,0
362,2023-08-17 14:25:00+05:30,19353.45,19358.55,19346.15,19350.85,0
363,2023-08-17 14:30:00+05:30,19350.95,19376.85,19350.95,19376.85,0
364,2023-08-17 14:35:00+05:30,19376.25,19383.7,19374.5,19379.45,0
365,2023-08-17 14:40:00+05:30,19379.35,19384.25,19376.0,19378.7,0
366,2023-08-17 14:45:00+05:30,19378.1,19381.0,19369.45,19377.0,0
367,2023-08-17 14:50:00+05:30,19376.1,19387.35,19372.45,19381.8,0
368,2023-08-17 14:55:00+05:30,19381.2,19385.7,19376.0,19378.1,0
369,2023-08-17 15:00:00+05:30,19377.7,19379.95,19364.0,19371.45,0
370,2023-08-17 15:05:00+05:30,19371.8,19383.3,19366.4,19372.65,0
371,2023-08-17 15:10:00+05:30,19372.5,19374.85,19360.5,19362.2,0
372,2023-08-17 15:15:00+05:30,19361.95,19363.5,19353.3,19361.0,0
373,2023-08-17 15:20:00+05:30,19360.5,19366.05,19353.9,19362.65,0
374,2023-08-17 15:25:00+05:30,19362.65,19366.05,19342.6,19346.2,0
375,2023-08-18 09:15:00+05:30,19301.75,19315.65,19281.5,19307.05,0
376,2023-08-18 09:20:00+05:30,19306.85,19315.2,19293.0,19315.2,0
377,2023-08-18 09:25:00+05:30,19315.95,19329.65,19315.2,19326.25,0
378,2023-08-18 09:30:00+05:30,19325.75,19327.8,19311.4,19316.15,0
379,2023-08-18 09:35:00+05:30,19316.4,19320.3,19291.3,19294.3,0
380,2023-08-18 09:40:00+05:30,19293.7,19294.9,19279.45,19283.95,0
381,2023-08-18 09:45:00+05:30,19283.65,19289.45,19281.85,19287.9,0
382,2023-08-18 09:50:00+05:30,19287.45,19292.6,19272.45,19274.55,0
383,2023-08-18 09:55:00+05:30,19275.1,19278.3,19266.2,19267.65,0
384,2023-08-18 10:00:00+05:30,19267.4,19274.7,19262.4,19271.9,0
385,2023-08-18 10:05:00+05:30,19271.85,19271.85,19263.8,19271.5,0
386,2023-08-18 10:10:00+05:30,19272.5,19272.9,19258.55,19266.35,0
387,2023-08-18 10:15:00+05:30,19265.75,19286.95,19262.3,19286.3,0
388,2023-08-18 10:20:00+05:30,19285.6,19286.45,19274.65,19279.95,0
389,2023-08-18 10:25:00+05:30,19279.4,19281.35,19271.65,19271.95,0
390,2023-08-18 10:30:00+05:30,19273.05,19277.5,19269.6,19276.7,0
391,2023-08-18 10:35:00+05:30,19276.85,19280.25,19266.55,19268.35,0
392,2023-08-18 10:40:00+05:30,19268.6,19268.65,19260.85,19261.45,0
393,2023-08-18 10:45:00+05:30,19261.5,19268.1,19253.6,19266.9,0
394,2023-08-18 10:50:00+05:30,19267.45,19276.7,19262.7,19264.35,0
395,2023-08-18 10:55:00+05:30,19262.95,19275.15,19259.6,19271.4,0
396,2023-08-18 11:00:00+05:30,19271.55,19276.25,19267.2,19272.6,0
397,2023-08-18 11:05:00+05:30,19273.55,19277.55,19270.65,19274.75,0
398,2023-08-18 11:10:00+05:30,19275.6,19279.7,19269.9,19276.65,0
399,2023-08-18 11:15:00+05:30,19276.95,19279.35,19273.5,19274.7,0
400,2023-08-18 11:20:00+05:30,19274.8,19281.0,19271.85,19275.35,0
401,2023-08-18 11:25:00+05:30,19275.7,19287.0,19273.75,19285.55,0
402,2023-08-18 11:30:00+05:30,19286.3,19298.5,19286.0,19297.1,0
403,2023-08-18 11:35:00+05:30,19297.6,19303.3,19291.6,19298.8,0
404,2023-08-18 11:40:00+05:30,19299.3,19303.7,19296.55,19302.1,0
405,2023-08-18 11:45:00+05:30,19302.0,19305.35,19297.2,19302.45,0
406,2023-08-18 11:50:00+05:30,19303.15,19303.5,19296.0,19297.65,0
407,2023-08-18 11:55:00+05:30,19298.7,19306.25,19297.05,19304.85,0
408,2023-08-18 12:00:00+05:30,19304.95,19315.75,19303.45,19313.25,0
409,2023-08-18 12:05:00+05:30,19313.55,19313.7,19301.7,19308.45,0
410,2023-08-18 12:10:00+05:30,19309.8,19310.8,19303.4,19304.55,0
411,2023-08-18 12:15:00+05:30,19305.15,19307.25,19288.6,19291.25,0
412,2023-08-18 12:20:00+05:30,19291.6,19294.8,19285.5,19287.55,0
413,2023-08-18 12:25:00+05:30,19288.05,19294.95,19282.4,19293.55,0
414,2023-08-18 12:30:00+05:30,19294.5,19301.25,19290.1,19295.95,0
415,2023-08-18 12:35:00+05:30,19296.2,19300.7,19293.75,19296.65,0
416,2023-08-18 12:40:00+05:30,19297.5,19300.8,19293.95,19296.8,0
417,2023-08-18 12:45:00+05:30,19296.75,19298.25,19292.0,19292.45,0
418,2023-08-18 12:50:00+05:30,19293.2,19298.5,19285.95,19286.55,0
419,2023-08-18 12:55:00+05:30,19287.1,19293.0,19284.75,19290.7,0
420,2023-08-18 13:00:00+05:30,19290.15,19300.85,19290.15,19294.9,0
421,2023-08-18 13:05:00+05:30,19295.45,19295.45,19272.9,19273.15,0
422,2023-08-18 13:10:00+05:30,19273.95,19278.1,19266.65,19268.55,0
423,2023-08-18 13:15:00+05:30,19269.0,19279.35,19264.2,19276.75,0
424,2023-08-18 13:20:00+05:30,19277.35,19279.45,19273.1,19274.5,0
425,2023-08-18 13:25:00+05:30,19275.0,19277.1,19267.35,19275.15,0
426,2023-08-18 13:30:00+05:30,19276.6,19285.0,19274.9,19279.4,0
427,2023-08-18 13:35:00+05:30,19279.65,19281.3,19261.4,19263.0,0
428,2023-08-18 13:40:00+05:30,19265.1,19273.05,19260.45,19263.6,0
429,2023-08-18 13:45:00+05:30,19263.95,19280.9,19262.65,19280.55,0
430,2023-08-18 13:50:00+05:30,19280.35,19293.0,19278.65,19288.75,0
431,2023-08-18 13:55:00+05:30,19289.35,19308.95,19284.4,19304.5,0
432,2023-08-18 14:00:00+05:30,19305.6,19341.15,19303.45,19341.15,0
433,2023-08-18 14:05:00+05:30,19341.05,19342.9,19328.7,19334.75,0
434,2023-08-18 14:10:00+05:30,19335.25,19356.7,19334.7,19353.8,0
435,2023-08-18 14:15:00+05:30,19353.35,19373.45,19352.85,19369.55,0
436,2023-08-18 14:20:00+05:30,19370.5,19370.5,19352.95,19355.45,0
437,2023-08-18 14:25:00+05:30,19356.2,19364.75,19352.15,19362.2,0
438,2023-08-18 14:30:00+05:30,19364.4,19367.9,19353.2,19361.6,0
439,2023-08-18 14:35:00+05:30,19362.45,19363.1,19340.3,19344.3,0
440,2023-08-18 14:40:00+05:30,19345.55,19356.45,19342.35,19348.5,0
441,2023-08-18 14:45:00+05:30,19348.35,19357.8,19341.7,19344.2,0
442,2023-08-18 14:50:00+05:30,19345.1,19351.35,19335.15,19338.65,0
443,2023-08-18 14:55:00+05:30,19339.6,19351.0,19335.05,19337.3,0
444,2023-08-18 15:00:00+05:30,19339.2,19351.85,19318.15,19325.1,0
445,2023-08-18 15:05:00+05:30,19324.65,19327.25,19306.5,19312.45,0
446,2023-08-18 15:10:00+05:30,19312.85,19322.75,19310.3,19316.35,0
447,2023-08-18 15:15:00+05:30,19316.75,19316.75,19297.9,19308.35,0
448,2023-08-18 15:20:00+05:30,19310.45,19310.45,19288.1,19297.55,0
449,2023-08-18 15:25:00+05:30,19297.5,19304.5,19277.0,19281.5,0
450,2023-08-21 09:15:00+05:30,19320.65,19351.45,19305.75,19344.05,0
451,2023-08-21 09:20:00+05:30,19345.95,19355.95,19339.15,19355.05,0
452,2023-08-21 09:25:00+05:30,19355.55,19363.65,19352.85,19362.6,0
453,2023-08-21 09:30:00+05:30,19363.25,19367.55,19355.45,19355.45,0
454,2023-08-21 09:35:00+05:30,19355.2,19362.1,19352.5,19360.7,0
455,2023-08-21 09:40:00+05:30,19361.2,19361.6,19349.45,19352.35,0
456,2023-08-21 09:45:00+05:30,19352.25,19359.3,19327.5,19333.65,0
457,2023-08-21 09:50:00+05:30,19333.35,19334.0,19314.45,19314.45,0
458,2023-08-21 09:55:00+05:30,19314.5,19324.95,19313.0,19323.7,0
459,2023-08-21 10:00:00+05:30,19323.7,19323.7,19305.75,19318.3,0
460,2023-08-21 10:05:00+05:30,19318.75,19319.2,19303.0,19305.25,0
461,2023-08-21 10:10:00+05:30,19305.7,19315.2,19296.55,19303.85,0
462,2023-08-21 10:15:00+05:30,19302.75,19317.55,19301.2,19314.5,0
463,2023-08-21 10:20:00+05:30,19315.2,19322.05,19312.35,19322.05,0
464,2023-08-21 10:25:00+05:30,19321.65,19339.4,19318.65,19338.6,0
465,2023-08-21 10:30:00+05:30,19338.7,19350.85,19338.7,19349.3,0
466,2023-08-21 10:35:00+05:30,19349.55,19354.4,19347.0,19350.5,0
467,2023-08-21 10:40:00+05:30,19350.45,19351.8,19342.6,19345.3,0
468,2023-08-21 10:45:00+05:30,19345.75,19348.45,19340.0,19348.0,0
469,2023-08-21 10:50:00+05:30,19348.25,19359.3,19344.25,19359.25,0
470,2023-08-21 10:55:00+05:30,19359.15,19367.9,19358.15,19361.6,0
471,2023-08-21 11:00:00+05:30,19362.45,19365.05,19358.05,19364.1,0
472,2023-08-21 11:05:00+05:30,19363.65,19372.6,19361.75,19370.5,0
473,2023-08-21 11:10:00+05:30,19371.7,19379.65,19371.55,19374.4,0
474,2023-08-21 11:15:00+05:30,19374.4,19377.15,19366.7,19371.5,0
475,2023-08-21 11:20:00+05:30,19370.8,19379.4,19370.8,19378.8,0
476,2023-08-21 11:25:00+05:30,19378.35,19379.15,19369.5,19370.2,0
477,2023-08-21 11:30:00+05:30,19369.55,19370.85,19357.5,19364.25,0
478,2023-08-21 11:35:00+05:30,19364.6,19367.9,19361.55,19365.85,0
479,2023-08-21 11:40:00+05:30,19366.15,19373.45,19363.2,19373.35,0
480,2023-08-21 11:45:00+05:30,19373.75,19384.35,19372.0,19383.1,0
481,2023-08-21 11:50:00+05:30,19383.3,19387.85,19380.4,19384.1,0
482,2023-08-21 11:55:00+05:30,19383.55,19384.25,19374.95,19378.3,0
483,2023-08-21 12:00:00+05:30,19378.3,19382.75,19372.55,19375.7,0
484,2023-08-21 12:05:00+05:30,19375.7,19385.8,19372.4,19382.8,0
485,2023-08-21 12:10:00+05:30,19383.4,19388.4,19371.35,19373.3,0
486,2023-08-21 12:15:00+05:30,19373.55,19377.0,19369.65,19371.3,0
487,2023-08-21 12:20:00+05:30,19371.9,19383.15,19370.1,19379.6,0
488,2023-08-21 12:25:00+05:30,19380.45,19382.8,19376.5,19378.15,0
489,2023-08-21 12:30:00+05:30,19378.0,19385.4,19376.3,19380.5,0
490,2023-08-21 12:35:00+05:30,19379.95,19387.4,19379.4,19386.4,0
491,2023-08-21 12:40:00+05:30,19386.15,19402.0,19385.8,19396.45,0
492,2023-08-21 12:45:00+05:30,19396.65,19401.4,19390.6,19392.35,0
493,2023-08-21 12:50:00+05:30,19392.45,19393.9,19384.55,19385.2,0
494,2023-08-21 12:55:00+05:30,19384.55,19395.4,19384.0,19395.35,0
495,2023-08-21 13:00:00+05:30,19394.35,19399.35,19393.3,19399.35,0
496,2023-08-21 13:05:00+05:30,19398.6,19406.9,19397.45,19400.25,0
497,2023-08-21 13:10:00+05:30,19400.15,19407.45,19398.35,19403.25,0
498,2023-08-21 13:15:00+05:30,19403.65,19411.9,19401.75,19405.8,0
499,2023-08-21 13:20:00+05:30,19405.2,19406.4,19393.9,19393.9,0
500,2023-08-21 13:25:00+05:30,19394.05,19397.5,19387.8,19389.1,0
501,2023-08-21 13:30:00+05:30,19389.55,19401.15,19387.25,19397.7,0
502,2023-08-21 13:35:00+05:30,19398.45,19403.05,19395.05,19396.9,0
503,2023-08-21 13:40:00+05:30,19396.95,19399.05,19392.35,19397.35,0
504,2023-08-21 13:45:00+05:30,19399.8,19409.8,19396.6,19407.35,0
505,2023-08-21 13:50:00+05:30,19407.6,19411.0,19404.7,19407.25,0
506,2023-08-21 13:55:00+05:30,19407.9,19410.2,19403.6,19408.75,0
507,2023-08-21 14:00:00+05:30,19408.25,19414.9,19407.6,19412.25,0
508,2023-08-21 14:05:00+05:30,19413.35,19413.35,19396.85,19398.0,0
509,2023-08-21 14:10:00+05:30,19398.35,19402.55,19384.85,19389.4,0
510,2023-08-21 14:15:00+05:30,19388.85,19395.2,19386.75,19392.15,0
511,2023-08-21 14:20:00+05:30,19391.9,19403.5,19389.75,19399.05,0
512,2023-08-21 14:25:00+05:30,19399.45,19399.85,19393.9,19395.85,0
513,2023-08-21 14:30:00+05:30,19395.3,19403.55,19392.6,19393.65,0
514,2023-08-21 14:35:00+05:30,19393.4,19404.85,19392.15,19396.15,0
515,2023-08-21 14:40:00+05:30,19395.7,19401.9,19387.2,19401.5,0
516,2023-08-21 14:45:00+05:30,19401.15,19409.95,19400.5,19407.8,0
517,2023-08-21 14:50:00+05:30,19406.75,19410.65,19403.85,19405.05,0
518,2023-08-21 14:55:00+05:30,19404.65,19417.45,19403.7,19417.45,0
519,2023-08-21 15:00:00+05:30,19416.8,19425.4,19399.75,19404.45,0
520,2023-08-21 15:05:00+05:30,19403.45,19403.45,19390.7,19398.4,0
521,2023-08-21 15:10:00+05:30,19397.35,19399.7,19394.0,19397.8,0
522,2023-08-21 15:15:00+05:30,19397.1,19397.75,19389.4,19389.75,0
523,2023-08-21 15:20:00+05:30,19390.0,19390.1,19376.6,19382.5,0
524,2023-08-21 15:25:00+05:30,19382.35,19387.55,19376.45,19380.6,0
525,2023-08-22 09:15:00+05:30,19417.1,19425.1,19404.9,19407.95,0
526,2023-08-22 09:20:00+05:30,19406.45,19409.6,19390.05,19402.35,0
527,2023-08-22 09:25:00+05:30,19402.7,19428.55,19398.0,19428.25,0
528,2023-08-22 09:30:00+05:30,19428.05,19433.0,19423.2,19425.7,0
529,2023-08-22 09:35:00+05:30,19428.85,19436.2,19426.45,19435.8,0
530,2023-08-22 09:40:00+05:30,19436.35,19440.85,19431.3,19439.9,0
531,2023-08-22 09:45:00+05:30,19440.75,19443.05,19428.55,19429.15,0
532,2023-08-22 09:50:00+05:30,19429.0,19430.5,19389.25,19389.25,0
533,2023-08-22 09:55:00+05:30,19390.05,19408.85,19382.2,19395.75,0
534,2023-08-22 10:00:00+05:30,19395.0,19403.45,19389.45,19398.95,0
535,2023-08-22 10:05:00+05:30,19398.25,19408.05,19389.95,19407.6,0
536,2023-08-22 10:10:00+05:30,19407.4,19407.8,19398.45,19400.6,0
537,2023-08-22 10:15:00+05:30,19401.2,19418.5,19401.2,19417.45,0
538,2023-08-22 10:20:00+05:30,19418.15,19418.8,19408.1,19408.75,0
539,2023-08-22 10:25:00+05:30,19408.45,19414.7,19403.15,19412.6,0
540,2023-08-22 10:30:00+05:30,19412.8,19421.85,19410.65,19421.85,0
541,2023-08-22 10:35:00+05:30,19422.65,19425.9,19419.25,19422.75,0
542,2023-08-22 10:40:00+05:30,19422.45,19422.45,19415.85,19419.25,0
543,2023-08-22 10:45:00+05:30,19418.65,19419.5,19411.6,19417.65,0
544,2023-08-22 10:50:00+05:30,19417.1,19420.7,19415.55,19420.0,0
545,2023-08-22 10:55:00+05:30,19419.7,19420.6,19408.9,19409.9,0
546,2023-08-22 11:00:00+05:30,19409.35,19415.8,19406.1,19414.05,0
547,2023-08-22 11:05:00+05:30,19413.55,19418.15,19411.8,19416.7,0
548,2023-08-22 11:10:00+05:30,19417.15,19420.35,19409.55,19414.95,0
549,2023-08-22 11:15:00+05:30,19415.75,19419.2,19410.15,19414.15,0
550,2023-08-22 11:20:00+05:30,19412.8,19420.8,19412.15,19416.7,0
551,2023-08-22 11:25:00+05:30,19414.8,19422.95,19414.0,19420.75,0
552,2023-08-22 11:30:00+05:30,19421.4,19425.8,19417.35,19421.55,0
553,2023-08-22 11:35:00+05:30,19422.3,19424.7,19418.1,19423.05,0
554,2023-08-22 11:40:00+05:30,19423.2,19427.6,19420.6,19425.35,0
555,2023-08-22 11:45:00+05:30,19425.1,19428.2,19419.75,19424.7,0
556,2023-08-22 11:50:00+05:30,19424.85,19434.15,19424.65,19430.05,0
557,2023-08-22 11:55:00+05:30,19429.95,19432.75,19426.9,19428.85,0
558,2023-08-22 12:00:00+05:30,19429.9,19436.3,19428.45,19434.4,0
559,2023-08-22 12:05:00+05:30,19435.05,19440.45,19427.5,19428.85,0
560,2023-08-22 12:10:00+05:30,19428.85,19434.0,19426.65,19431.8,0
561,2023-08-22 12:15:00+05:30,19432.95,19434.6,19418.5,19420.65,0
562,2023-08-22 12:20:00+05:30,19421.2,19426.65,19417.45,19423.75,0
563,2023-08-22 12:25:00+05:30,19424.3,19428.95,19418.75,19425.65,0
564,2023-08-22 12:30:00+05:30,19425.85,19429.3,19420.5,19426.55,0
565,2023-08-22 12:35:00+05:30,19427.75,19429.55,19423.3,19425.1,0
566,2023-08-22 12:40:00+05:30,19425.95,19429.6,19422.85,19423.9,0
567,2023-08-22 12:45:00+05:30,19422.5,19428.05,19422.3,19426.55,0
568,2023-08-22 12:50:00+05:30,19427.6,19433.2,19425.3,19428.9,0
569,2023-08-22 12:55:00+05:30,19430.05,19433.8,19424.75,19432.8,0
570,2023-08-22 13:00:00+05:30,19432.8,19434.95,19421.3,19423.0,0
571,2023-08-22 13:05:00+05:30,19422.3,19423.6,19413.7,19420.8,0
572,2023-08-22 13:10:00+05:30,19421.4,19428.5,19418.15,19424.15,0
573,2023-08-22 13:15:00+05:30,19424.45,19426.15,19418.8,19425.0,0
574,2023-08-22 13:20:00+05:30,19424.6,19428.75,19419.8,19421.8,0
575,2023-08-22 13:25:00+05:30,19422.1,19425.1,19418.5,19422.65,0
576,2023-08-22 13:30:00+05:30,19423.05,19430.0,19422.3,19427.25,0
577,2023-08-22 13:35:00+05:30,19428.05,19430.65,19418.25,19422.25,0
578,2023-08-22 13:40:00+05:30,19422.95,19425.9,19416.5,19419.45,0
579,2023-08-22 13:45:00+05:30,19419.65,19420.1,19407.2,19411.1,0
580,2023-08-22 13:50:00+05:30,19411.15,19418.35,19410.35,19414.0,0
581,2023-08-22 13:55:00+05:30,19413.1,19416.7,19406.9,19409.05,0
582,2023-08-22 14:00:00+05:30,19410.3,19411.45,19399.8,19405.55,0
583,2023-08-22 14:05:00+05:30,19406.05,19411.6,19403.35,19410.7,0
584,2023-08-22 14:10:00+05:30,19410.05,19418.9,19408.1,19413.95,0
585,2023-08-22 14:15:00+05:30,19413.2,19416.95,19409.05,19412.5,0
586,2023-08-22 14:20:00+05:30,19411.75,19417.4,19405.5,19407.6,0
587,2023-08-22 14:25:00+05:30,19407.75,19413.25,19406.5,19407.6,0
588,2023-08-22 14:30:00+05:30,19407.65,19414.55,19405.15,19406.9,0
589,2023-08-22 14:35:00+05:30,19407.25,19407.7,19394.5,19396.2,0
590,2023-08-22 14:40:00+05:30,19395.9,19404.95,19395.9,19401.9,0
591,2023-08-22 14:45:00+05:30,19401.75,19403.9,19395.4,19398.5,0
592,2023-08-22 14:50:00+05:30,19397.5,19399.85,19382.25,19391.4,0
593,2023-08-22 14:55:00+05:30,19391.0,19401.35,19390.3,19393.4,0
594,2023-08-22 15:00:00+05:30,19394.45,19412.55,19387.75,19408.3,0
595,2023-08-22 15:05:00+05:30,19408.35,19411.7,19384.6,19399.25,0
596,2023-08-22 15:10:00+05:30,19398.45,19399.7,19386.95,19391.45,0
597,2023-08-22 15:15:00+05:30,19390.65,19406.4,19387.05,19402.75,0
598,2023-08-22 15:20:00+05:30,19402.5,19403.5,19389.7,19390.45,0
599,2023-08-22 15:25:00+05:30,19390.25,19399.0,19384.95,19390.05,0
600,2023-08-23 09:15:00+05:30,19439.2,19441.6,19406.15,19418.4,0
601,2023-08-23 09:20:00+05:30,19419.05,19419.7,19406.0,19411.45,0
602,2023-08-23 09:25:00+05:30,19410.95,19415.2,19393.85,19393.85,0
603,2023-08-23 09:30:00+05:30,19394.2,19402.4,19387.2,19402.3,0
604,2023-08-23 09:35:00+05:30,19401.6,19411.6,19401.6,19408.3,0
605,2023-08-23 09:40:00+05:30,19408.7,19414.95,19404.35,19407.25,0
606,2023-08-23 09:45:00+05:30,19407.45,19410.35,19403.35,19404.65,0
607,2023-08-23 09:50:00+05:30,19404.0,19404.2,19371.65,19372.3,0
608,2023-08-23 09:55:00+05:30,19373.05,19383.45,19366.85,19383.3,0
609,2023-08-23 10:00:00+05:30,19383.55,19389.6,19376.2,19376.4,0
610,2023-08-23 10:05:00+05:30,19376.3,19382.65,19370.25,19381.8,0
611,2023-08-23 10:10:00+05:30,19382.0,19388.65,19381.55,19388.3,0
612,2023-08-23 10:15:00+05:30,19388.2,19391.15,19380.05,19387.05,0
613,2023-08-23 10:20:00+05:30,19386.7,19387.5,19370.35,19373.35,0
614,2023-08-23 10:25:00+05:30,19373.45,19379.5,19371.75,19379.5,0
615,2023-08-23 10:30:00+05:30,19379.8,19384.8,19376.2,19381.9,0
616,2023-08-23 10:35:00+05:30,19381.4,19387.5,19377.55,19386.95,0
617,2023-08-23 10:40:00+05:30,19387.05,19391.95,19384.05,19384.9,0
618,2023-08-23 10:45:00+05:30,19385.1,19388.8,19381.4,19383.5,0
619,2023-08-23 10:50:00+05:30,19383.75,19392.6,19383.75,19387.75,0
620,2023-08-23 10:55:00+05:30,19387.7,19395.05,19385.5,19393.75,0
621,2023-08-23 11:00:00+05:30,19393.7,19397.9,19391.7,19395.6,0
622,2023-08-23 11:05:00+05:30,19395.65,19411.1,19395.5,19411.05,0
623,2023-08-23 11:10:00+05:30,19411.2,19412.65,19407.3,19408.5,0
624,2023-08-23 11:15:00+05:30,19409.3,19412.35,19406.35,19410.25,0
625,2023-08-23 11:20:00+05:30,19409.85,19421.1,19408.3,19420.95,0
626,2023-08-23 11:25:00+05:30,19420.55,19429.65,19417.2,19422.25,0
627,2023-08-23 11:30:00+05:30,19421.55,19427.2,19420.6,19422.65,0
628,2023-08-23 11:35:00+05:30,19423.0,19424.95,19417.95,19422.5,0
629,2023-08-23 11:40:00+05:30,19422.35,19430.55,19421.85,19429.0,0
630,2023-08-23 11:45:00+05:30,19428.8,19430.0,19422.05,19425.85,0
631,2023-08-23 11:50:00+05:30,19426.7,19427.65,19417.8,19419.35,0
632,2023-08-23 11:55:00+05:30,19420.15,19424.55,19416.35,19421.1,0
633,2023-08-23 12:00:00+05:30,19422.15,19425.65,19418.65,19423.25,0
634,2023-08-23 12:05:00+05:30,19423.75,19429.3,19421.35,19425.25,0
635,2023-08-23 12:10:00+05:30,19424.3,19427.65,19421.45,19421.95,0
636,2023-08-23 12:15:00+05:30,19422.65,19423.55,19417.65,19420.65,0
637,2023-08-23 12:20:00+05:30,19420.75,19434.2,19418.15,19432.4,0
638,2023-08-23 12:25:00+05:30,19433.05,19442.65,19430.3,19442.55,0
639,2023-08-23 12:30:00+05:30,19441.55,19444.15,19432.35,19436.45,0
640,2023-08-23 12:35:00+05:30,19436.95,19452.8,19432.45,19450.65,0
641,2023-08-23 12:40:00+05:30,19451.45,19458.15,19445.25,19448.55,0
642,2023-08-23 12:45:00+05:30,19448.2,19461.05,19447.7,19454.6,0
643,2023-08-23 12:50:00+05:30,19454.8,19455.95,19441.85,19446.1,0
644,2023-08-23 12:55:00+05:30,19447.05,19453.45,19446.15,19447.8,0
645,2023-08-23 13:00:00+05:30,19448.1,19449.95,19442.8,19446.3,0
646,2023-08-23 13:05:00+05:30,19446.8,19449.3,19439.55,19444.05,0
647,2023-08-23 13:10:00+05:30,19445.1,19446.7,19438.6,19439.45,0
648,2023-08-23 13:15:00+05:30,19439.65,19445.45,19433.15,19444.05,0
649,2023-08-23 13:20:00+05:30,19444.55,19454.0,19444.55,19449.3,0
650,2023-08-23 13:25:00+05:30,19449.85,19456.2,19443.7,19444.65,0
651,2023-08-23 13:30:00+05:30,19444.6,19448.0,19440.65,19445.5,0
652,2023-08-23 13:35:00+05:30,19445.8,19454.95,19444.95,19449.45,0
653,2023-08-23 13:40:00+05:30,19449.4,19456.45,19446.65,19453.25,0
654,2023-08-23 13:45:00+05:30,19452.8,19453.65,19445.3,19452.3,0
655,2023-08-23 13:50:00+05:30,19451.3,19458.65,19450.15,19457.3,0
656,2023-08-23 13:55:00+05:30,19458.5,19464.7,19456.85,19463.55,0
657,2023-08-23 14:00:00+05:30,19464.7,19471.2,19457.3,19458.75,0
658,2023-08-23 14:05:00+05:30,19459.8,19464.05,19451.2,19459.4,0
659,2023-08-23 14:10:00+05:30,19460.05,19463.6,19458.15,19461.1,0
660,2023-08-23 14:15:00+05:30,19461.5,19461.95,19453.15,19453.7,0
661,2023-08-23 14:20:00+05:30,19454.75,19455.0,19448.65,19451.95,0
662,2023-08-23 14:25:00+05:30,19453.1,19456.0,19449.0,19450.1,0
663,2023-08-23 14:30:00+05:30,19451.5,19458.4,19450.05,19458.35,0
664,2023-08-23 14:35:00+05:30,19458.6,19464.15,19454.4,19462.05,0
665,2023-08-23 14:40:00+05:30,19461.75,19464.05,19456.25,19458.65,0
666,2023-08-23 14:45:00+05:30,19460.3,19462.9,19453.75,19458.35,0
667,2023-08-23 14:50:00+05:30,19458.85,19462.2,19457.05,19461.75,0
668,2023-08-23 14:55:00+05:30,19462.15,19466.1,19453.6,19457.0,0
669,2023-08-23 15:00:00+05:30,19457.25,19467.05,19441.0,19447.95,0
670,2023-08-23 15:05:00+05:30,19448.85,19452.4,19441.15,19443.55,0
671,2023-08-23 15:10:00+05:30,19444.8,19445.55,19437.0,19442.75,0
672,2023-08-23 15:15:00+05:30,19443.4,19443.4,19436.25,19439.45,0
673,2023-08-23 15:20:00+05:30,19440.15,19448.6,19437.0,19447.2,0
674,2023-08-23 15:25:00+05:30,19446.9,19448.9,19437.05,19441.55,0
